Localidade,populacao_por_hectare,porcentagem_brancos,porcentagem_adultos,indiceEnvelhecimento,rendaMedianacRendimento,porcentagem_cobertura,taxa_obitos_covid,taxa_atendimentos_covid,preds
ABRANCHES,30.56,0.774433239821063,0.7106679808931685,32.04,1000.0,0.3758617246814215,439.7604063992721,33444.53711426188,36835.077733743805
ÁGUA VERDE,107.74,0.9115216334467672,0.7573553719008265,92.35,2500.0,0.1691356696561786,406.41711229946526,26796.305298979096,34407.28078517233
AHÚ,62.03,0.9169129150008692,0.7226664349035286,92.58,1467.4054054054054,0.1995515320263678,382.4091778202677,28680.68833652008,34781.81467516147
ALTO BOQUEIRÃO,44.77,0.7623856458795253,0.7215069590654171,25.17,1000.0,0.3011799143169458,452.7584729183358,33133.3494810978,37088.694617786896
ALTO DA GLÓRIA,63.37,0.9215933669790916,0.7507209805335257,133.22,3000.0,0.1488130787996676,702.9560201874549,41690.69935111752,35095.28465003851
ALTO DA RUA XV,57.43,0.9242761692650334,0.7282850779510023,133.2,2500.0,0.1618196758724351,539.2099402180284,53920.99402180284,35118.19530049014
ATUBA,38.31,0.7726388453090681,0.7258864135550674,25.19,1000.0,0.1330063662915929,464.3865704424224,36743.01851270787,37034.27015510873
AUGUSTA,7.19,0.7146104880266747,0.6868748105486511,13.39,800.0,0.5157628003939774,484.9954531676266,35798.72688693543,37362.81501577627
BACACHERI,33.67,0.8773910845200977,0.7412151344063369,79.75,2000.0,0.2238004828476005,564.5908822785876,34334.70969916575,33966.93680694728
BAIRRO ALTO,64.03,0.7952110354400729,0.7291458812302086,32.82,1000.0,0.111396440609428,553.073352708975,38138.20327072399,36999.851440814295
BARREIRINHA,49.76,0.8264416939557085,0.7232613642670811,49.51,1000.0,0.2991215570544911,682.6885719043125,36909.58539157463,36624.243661990506
BATEL,62.6,0.9347306490163632,0.7311086596800882,177.78,3505.5,0.1510396103748386,900.9009009009008,44861.18771833058,35071.9387324675
BIGORRILHO,97.83,0.927053924336533,0.7747388481084133,99.91,3000.0,0.2166207032491645,416.4313946922643,34941.4172783738,34396.85983534716
BOA VISTA,59.44,0.8491562540255057,0.7387929923998454,61.61,1400.0,0.180738819294519,486.2810769032591,30265.361329382973,35468.551822908645
BOM RETIRO,27.16,0.904577191621412,0.7090768037238169,121.89,1800.0,0.2240374805411139,426.68735453840185,35880.52754072924,34724.1127183555
BOQUEIRÃO,49.63,0.8027685916532291,0.7224848998332832,34.72,1000.0,0.1245989769002805,569.8433955560414,35389.05135423215,36924.436410748516
BUTIATUVINHA,12.33,0.8553122087604846,0.7188567878223051,33.48,1000.0,0.4528840217868429,450.4504504504504,31585.89624106865,36799.36503035971
CABRAL,64.44,0.9160030627871364,0.7552067381316998,71.24,3000.0,0.2119976796125309,359.87748851454825,27901.99081163859,34140.03385802433
CACHOEIRA,28.91,0.7156968005153532,0.695834228043805,24.97,800.0,0.4696969482570187,375.7783981103715,42044.23448572042,37195.69791504409
CAJURU,81.57,0.7054469854469855,0.7114241164241164,30.16,900.0,0.0847884676413674,577.9625779625779,34304.5738045738,37040.51806115176
CAMPINA DO SIQUEIRA,43.16,0.9104559104559105,0.7409227409227409,68.86,1900.0,0.1576778434971911,450.4504504504504,29292.929292929293,34139.546301822746
CAMPO COMPRIDO,33.8,0.8191282620766241,0.7405607995558023,22.67,1200.0,0.4207385103912305,416.43531371460296,37871.32148806219,36735.08863201202
CAMPO DE SANTANA,12.59,0.6543497017668904,0.6908129196833852,8.3,800.0,0.3093318235446509,551.4499005889635,52087.63176651536,37465.85194864478
CAPÃO DA IMBUIA,110.99,0.8150246666341034,0.7282762663019586,56.84,1100.0,0.0895809923467227,507.98612807111806,31719.826112440773,36494.94756005005
CAPÃO RASO,40.54,0.8356023845833911,0.7269097462914182,41.45,1020.0,0.0663056859569429,582.2819908498544,41708.02717315957,36997.17176576768
CASCATINHA,9.9,0.8759833410458121,0.7283664969921333,43.87,1500.0,0.5308242326185073,555.2984729291994,42434.058306339655,35908.28473266994
CAXIMBA,3.07,0.7422680412371134,0.6657414750198255,18.4,700.0,0.337817568219384,436.1617763679619,58406.026962728,37455.83814332434
CENTRO,113.56,0.837298500657136,0.7885363302309364,176.44,2000.0,0.0898706875971639,598.1278330606443,38180.94037496983,35505.841993875
CENTRO CÍVICO,50.5,0.9004808697470207,0.7413757056240853,166.59,2600.0,0.2222855459843437,689.9435500731757,35688.89818105791,34853.91126734083
CIDADE INDUSTRIAL DE CURITIBA,38.97,0.7059633611461503,0.716558077096666,20.17,850.0,0.2106627917024585,495.8859404473968,36749.95081644698,37054.59177041362
CRISTO REI,95.34,0.8969191736136282,0.7913011960855383,91.3,2500.0,0.1605560063662577,362.4501631025734,32533.52664008699,34485.04176773744
FANNY,41.69,0.8471776589423649,0.736660724896019,52.93,1200.0,0.075490662811759,534.75935828877,36898.39572192513,36325.14385523919
FAZENDINHA,75.39,0.7596352496972287,0.7271496758566646,29.28,1000.0,0.1152055782671629,459.4998931395597,34206.02692883094,36998.7470139971
GANCHINHO,9.84,0.6143317230273752,0.6670245124351405,11.1,750.0,0.4372481275989666,688.8531043120415,47584.54106280193,37362.81501577627
GUABIROTUBA,43.18,0.840502573946427,0.7120670098595236,68.88,1500.0,0.1322568747997426,523.5145275281388,30581.973649768777,34920.13123737556
GUAÍRA,64.48,0.7811996779388084,0.7163848631239935,44.51,1021.0,0.0923716455174582,476.3821792807301,38741.277509393454,37019.09976781311
HAUER,33.37,0.8413819001126549,0.7285767930904994,58.23,1200.0,0.1111073686151794,705.9707097258731,46481.41194141945,36104.24767410436
HUGO LANGE,28.64,0.9295400943396226,0.6933962264150944,119.41,2500.0,0.229618139629805,589.6226415094341,30188.679245283016,34607.37068617073
JARDIM BOTÂNICO,22.39,0.8067077122488658,0.7193778353856124,101.86,1500.0,0.2228755797826943,745.301360985094,30265.716137394687,34881.286413443755
JARDIM DAS AMÉRICAS,39.68,0.8566577417880232,0.7366290080323907,71.91,2000.0,0.131237354274037,483.24952654607193,26513.419969960167,34372.84726698475
JARDIM SOCIAL,29.1,0.933836433836434,0.6783081783081784,136.52,3000.0,0.2332526061647563,351.00035100035103,31818.181818181816,34613.38075865291
JUVEVÊ,94.0,0.9247107580728716,0.732602313935417,122.81,3000.0,0.1431860310382446,578.4838542566051,28811.94957692972,35065.86038624516
LAMENHA PEQUENA,3.01,0.7471590909090909,0.6770833333333334,25.83,800.0,0.6027278588935499,189.3939393939394,23011.36363636364,37248.817923099276
LINDÓIA,72.63,0.7741146318732526,0.7192451071761417,39.87,1000.0,0.0814246224161267,547.5302889095992,42555.91798695247,37094.02695068689
MERCÊS,35.92,0.9112884481289224,0.721623925001937,113.36,1800.0,0.3165520218006141,395.1344231812195,34051.28999767568,34715.013364934086
MOSSUNGUÊ,28.72,0.8947640728476821,0.7438948675496688,24.75,2500.0,0.3964805174923272,413.907284768212,48002.89735099338,35263.9410988792
NOVO MUNDO,74.07,0.8184644713251481,0.7343349295327145,41.6,1100.0,0.0800562216857642,628.6453487052629,39536.57263463677,36948.404820503165
ORLEANS,15.82,0.8322023442319556,0.7232572486119679,38.97,1150.0,0.3966072985792948,333.1276989512647,31091.9185687847,36702.70009203479
PAROLIN,51.16,0.711874675437078,0.6731002250302925,38.1,1000.0,0.0747079541218781,432.75056257573135,25696.72840574693,37232.31610401466
PILARZINHO,40.09,0.7945926966292135,0.7213483146067415,41.71,1000.0,0.3315542507923458,505.61797752808985,35835.67415730337,36921.33750446897
PINHEIRINHO,47.94,0.7602825340767049,0.719707942302732,23.91,900.0,0.1763121638562106,565.4649709331164,38038.927799051606,37011.7647649072
PORTÃO,72.82,0.8710796493366462,0.7506914818808307,60.23,1750.0,0.1233864535864789,398.4810838685481,33034.08185270264,35113.4915863795
PRADO VELHO,24.97,0.58630903406286,0.6908013822609841,35.67,700.0,0.1531269717381369,329.1097581043278,31594.53677801547,36920.92870772181
REBOUÇAS,50.19,0.8449086512627619,0.7753895754970446,116.3,1800.0,0.1064949784079331,557.4959699086513,43001.07469102633,35659.20090951487
RIVIERA,1.19,0.7197231833910035,0.7301038062283737,34.48,800.0,0.5520922603787444,346.02076124567475,32179.93079584775,36993.17154902678
SANTA CÂNDIDA,32.19,0.7733174835405998,0.726072909046574,29.72,1000.0,0.3817417653981191,612.6554498902707,45738.84418434528,36898.2382140309
SANTA FELICIDADE,25.93,0.8670974281008489,0.7274800456100342,37.14,1200.0,0.3330296397394439,522.6149752945648,41220.06841505131,36600.69207794214
SANTA QUITÉRIA,57.39,0.8067908902691512,0.7079089026915114,67.24,1100.0,0.1387979967207158,447.2049689440993,42964.8033126294,36347.24579910822
SANTO INÁCIO,19.34,0.8518632583923622,0.7391438250692948,42.47,1200.0,0.372321504873945,431.1672312904219,38635.6636895596,36519.69575502619
SÃO BRAZ,46.56,0.8337365762553589,0.7253279001655418,37.92,1000.0,0.1531937150617306,594.2527271955515,37195.97606010442,36843.99428308516
SÃO FRANCISCO,45.26,0.8897226753670473,0.7536704730831973,134.11,1800.0,0.1595072294191654,685.1549755301794,37862.96900489397,35133.83695348714
SÃO JOÃO,10.71,0.8060252075007686,0.7233323086381801,36.78,1000.0,0.6037655967148058,430.3719643406087,37934.214571165074,36907.25508058068
SÃO LOURENÇO,27.59,0.8972275334608031,0.7275334608030593,68.97,2000.0,0.3191084350659621,446.1440407903123,28855.9592096877,34052.36367774561
SÃO MIGUEL,6.33,0.6748376283260005,0.6813324952859836,11.59,700.0,0.3455522958797196,230.4630211606956,17284.72658705217,37419.32696361694
SEMINÁRIO,32.26,0.9181141439205956,0.7244197927309882,124.49,2000.0,0.2263343157657049,467.0850970661217,30550.284629981023,34522.146331980555
SÍTIO CERCADO,103.15,0.693893096732309,0.7177061242155378,17.14,800.0,0.0733233308575379,489.9372430209911,34920.57996104739,37159.13294804868
TABOÃO,18.58,0.8124263839811543,0.7258539458186102,32.43,1000.0,0.4700944249633204,294.4640753828033,28592.4617196702,36704.01457884404
TARUMÃ,19.36,0.8396927651139743,0.7324083250743311,75.47,1960.0,0.1569655449140977,371.6551040634291,22522.299306243807,34205.65949349693
TATUQUARA,46.53,0.6505494505494506,0.6785714285714286,10.22,750.0,0.2698870653545902,490.7161803713528,38673.7400530504,37287.5850094956
TINGUI,57.26,0.8602159266174202,0.7325269908271775,54.4,1200.0,0.1479984653543574,600.6981086127121,38257.97548502313,36261.809458230215
UBERABA,50.71,0.7575496835794382,0.7121128011546575,25.46,1000.0,0.1413402672079066,474.63084267791714,36024.758521150216,37022.286742419616
UMBARÁ,8.34,0.7636412172984517,0.6990923651895355,16.35,850.0,0.4127386803757339,480.5125467164976,38136.67912439936,37309.1792389294
VILA IZABEL,95.44,0.909130060292851,0.761068044788975,75.57,2181.5,0.1644784596059906,534.0223944875107,40585.70198105082,34322.889737830184
VISTA ALEGRE,30.28,0.8651665327261363,0.7090811679614252,55.81,1500.0,0.3329340527899809,410.7509599071346,34503.0806321993,35308.830253714
XAXIM,62.94,0.8041866321569725,0.7239341051379805,31.57,1000.0,0.1074535348206502,496.6597880451891,37994.47378545696,36993.69378556563
